Site Name,Data MRI (yr),Data Annual Rate,Catalog MRI (yr),Catalog Annual Rate,Catalog Occurences,Prob Filtered Catalog MRI (yr),Prob Filtered Catalog Annual Rate,Prob Filtered Catalog Occurences
HOG,191.00,0.005235602,370.87,0.0026963286,1110,375.13,0.0026657167,1097.4
FRA,119.00,0.008403362,122.56,0.008159556,3358,127.69,0.007831767,3223.12
COA,181.00,0.005524862,185.46,0.005392044,2218,197.51,0.005062997,2082.66
SCZ,106.00,0.009433962,123.99,0.008065169,3318,142.37,0.0070238956,2889.42
TYS,329.00,0.0030395137,356.27,0.0028068728,1154,391.56,0.0025539193,1050
TOTAL,31.61,0.0316373,36.88,0.02711831,11158,39.79,0.02513221,10340.88
