Event ID,Total
89533,-2.9756408
104748,-2.814572
238094,-2.8545623
308807,-2.7020953
470431,-2.8606257
473869,-2.7153294
708419,-2.8360999
854711,-2.4348588
