Site Name,Data MRI (yr),Data Annual Rate,Catalog MRI (yr),Catalog Annual Rate,Catalog Occurences,Prob Filtered Catalog MRI (yr),Prob Filtered Catalog Annual Rate,Prob Filtered Catalog Occurences
HOG,191.00,0.005235602,411.16,0.0024321408,148,415.46,0.0024069892,146.46
FRA,119.00,0.008403362,140.47,0.0071191434,434,144.73,0.006909395,421.19
COA,181.00,0.005524862,207.97,0.004808388,293,216.80,0.0046125688,280.97
SCZ,106.00,0.009433962,145.75,0.0068610976,418,161.77,0.006181571,376.51
TYS,329.00,0.0030395137,413.55,0.0024180852,147,444.35,0.0022505021,136.81
TOTAL,31.61,0.0316373,42.33,0.023625538,1440,44.82,0.022311755,1359.74
