Site Name,Data MRI (yr),Data Annual Rate,Catalog MRI (yr),Catalog Annual Rate,Catalog Occurences,Prob Filtered Catalog MRI (yr),Prob Filtered Catalog Annual Rate,Prob Filtered Catalog Occurences
HOG,191.00,0.005235602,407.62,0.002453275,266,411.79,0.00242841,263.28
FRA,119.00,0.008403362,107.51,0.009301845,1009,109.95,0.009095334,986.61
COA,181.00,0.005524862,227.64,0.004392899,476,231.43,0.004320941,468.21
SCZ,106.00,0.009433962,308.55,0.003241015,352,313.00,0.0031949277,347
TYS,329.00,0.0030395137,656.80,0.001522529,165,668.30,0.0014963263,162.14
TOTAL,31.61,0.0316373,47.81,0.020914584,2268,48.73,0.02052277,2225.53
