Site Name,Data MRI (yr),Data Annual Rate,Catalog MRI (yr),Catalog Annual Rate,Catalog Occurences,Prob Filtered Catalog MRI (yr),Prob Filtered Catalog Annual Rate,Prob Filtered Catalog Occurences
HOG,191.00,0.005235602,404.90,0.0024697504,1147,409.97,0.002439203,1132.82
FRA,119.00,0.008403362,151.51,0.006600087,3065,156.08,0.0064071505,2975.26
COA,181.00,0.005524862,249.25,0.004012082,1862,257.49,0.0038836391,1802.41
SCZ,106.00,0.009433962,226.51,0.0044148965,2050,241.28,0.004144626,1924.48
TYS,329.00,0.0030395137,582.98,0.0017153386,797,606.73,0.0016481926,765.76
TOTAL,31.61,0.0316373,52.04,0.019214353,8921,53.97,0.018529225,8602.59
