Site Name,Data MRI (yr),Data Annual Rate,Catalog MRI (yr),Catalog Annual Rate,Catalog Occurences,Prob Filtered Catalog MRI (yr),Prob Filtered Catalog Annual Rate,Prob Filtered Catalog Occurences
HOG,191.00,0.005235602,715.11,0.0013983797,1290,722.49,0.0013841091,1276.8
FRA,119.00,0.008403362,236.03,0.0042368183,3909,239.98,0.004167014,3844.6
COA,181.00,0.005524862,352.52,0.0028367029,2617,362.76,0.0027566722,2543.17
SCZ,106.00,0.009433962,243.17,0.0041123526,3794,252.18,0.0039654765,3658.37
TYS,329.00,0.0030395137,690.81,0.0014475757,1336,712.76,0.0014029901,1294.82
TOTAL,31.61,0.0316373,71.26,0.014032202,12946,73.11,0.013678441,12619.61
