Site Name,Data MRI (yr),Data Annual Rate,Catalog MRI (yr),Catalog Annual Rate,Catalog Occurences,Prob Filtered Catalog MRI (yr),Prob Filtered Catalog Annual Rate,Prob Filtered Catalog Occurences
HOG,191.00,0.005235602,345.40,0.0028951569,1099,349.82,0.0028586395,1085.12
FRA,119.00,0.008403362,115.75,0.008639278,3282,120.98,0.008265936,3140.17
COA,181.00,0.005524862,178.48,0.0056028655,2128,190.21,0.0052573504,1996.81
SCZ,106.00,0.009433962,108.38,0.00922646,3505,130.08,0.007687813,2920.47
TYS,329.00,0.0030395137,318.33,0.0031413783,1192,356.26,0.0028069264,1064.94
TOTAL,31.61,0.0316373,33.89,0.029503927,11206,37.23,0.026863322,10203.12
