Site Name,Data MRI (yr),Data Annual Rate,Catalog MRI (yr),Catalog Annual Rate,Catalog Occurences,Prob Filtered Catalog MRI (yr),Prob Filtered Catalog Annual Rate,Prob Filtered Catalog Occurences
HOG,191.00,0.005235602,486.47,0.0020556308,961,491.62,0.0020340898,950.92
FRA,119.00,0.008403362,203.09,0.00492381,2303,206.48,0.0048430585,2265.21
COA,181.00,0.005524862,311.86,0.0032065352,1500,317.62,0.0031483723,1472.79
SCZ,106.00,0.009433962,321.08,0.0031145117,1457,333.92,0.0029946952,1400.95
TYS,329.00,0.0030395137,756.57,0.0013217557,618,791.80,0.0012629397,590.43
TOTAL,31.61,0.0316373,68.47,0.014605763,6831,70.09,0.014267859,6672.97
