Magnitude,Mean,Standard Deviation
10.0,3.0235364,1.3998306
30.0,3.633825,0.6031941
50.0,3.4321086,0.094280906
