Site Name,Data MRI (yr),Data Annual Rate,Catalog MRI (yr),Catalog Annual Rate,Catalog Occurences,Prob Filtered Catalog MRI (yr),Prob Filtered Catalog Annual Rate,Prob Filtered Catalog Occurences
HOG,191.00,0.005235602,488.45,0.0020472773,49,493.42,0.0020266841,48.5
FRA,119.00,0.008403362,154.97,0.006452654,155,160.30,0.006238334,149.82
COA,181.00,0.005524862,169.32,0.0059059765,141,178.88,0.005590371,133.44
SCZ,106.00,0.009433962,225.69,0.0044308547,106,238.49,0.0041929986,100.22
TYS,329.00,0.0030395137,587.88,0.0017010393,41,605.39,0.0016518193,39.78
TOTAL,31.61,0.0316373,48.61,0.020573072,492,50.79,0.019688234,470.78
