Site Name,Data MRI (yr),Data Annual Rate,Catalog MRI (yr),Catalog Annual Rate,Catalog Occurences,Prob Filtered Catalog MRI (yr),Prob Filtered Catalog Annual Rate,Prob Filtered Catalog Occurences
HOG,191.00,0.005235602,354.45,0.0028212327,1295,358.41,0.0027901249,1280.69
FRA,119.00,0.008403362,117.60,0.008503162,3903,122.80,0.008143122,3737.76
COA,181.00,0.005524862,174.06,0.0057450146,2637,186.23,0.0053697918,2464.67
SCZ,106.00,0.009433962,119.89,0.008341112,3828,138.64,0.007213088,3310.22
TYS,329.00,0.0030395137,334.50,0.0029895725,1372,374.27,0.002671903,1226.15
TOTAL,31.61,0.0316373,35.22,0.028394325,13033,38.20,0.026177589,12015.11
