Min Mag,Mean,Standard Deviation,COV
6.0,1.0004758,0.36975428,0.36957845
6.5,0.99997544,0.32111824,0.32112613
