Min Mag,Mean,Standard Deviation,COV
6.0,1.0015361,0.7035295,0.7024504
6.5,1.0002426,0.2262613,0.22620642
