Min Mag,Mean,Standard Deviation,COV
6.0,1.0002736,0.3771361,0.37703297
6.5,0.9997235,0.30533117,0.3054156
