Min Mag,Mean,Standard Deviation,COV
6.0,1.0017323,0.3101197,0.30958337
6.5,0.772515,0.15753229,0.20392133
