Site Name,Data MRI (yr),Data Annual Rate,Catalog MRI (yr),Catalog Annual Rate,Catalog Occurences,Prob Filtered Catalog MRI (yr),Prob Filtered Catalog Annual Rate,Prob Filtered Catalog Occurences
HOG,191.00,0.005235602,474.97,0.002105379,1183,479.96,0.0020834852,1170.69
FRA,119.00,0.008403362,207.17,0.0048269713,2712,210.90,0.004741527,2663.98
COA,181.00,0.005524862,315.41,0.0031705191,1781,321.16,0.003113753,1749.07
SCZ,106.00,0.009433962,319.74,0.0031275887,1758,333.14,0.0030017162,1687.04
TYS,329.00,0.0030395137,802.25,0.0012464987,701,837.46,0.0011940919,671.55
TOTAL,31.61,0.0316373,69.13,0.0144664375,8128,70.80,0.014123633,7934.91
