Site Name,Data MRI (yr),Data Annual Rate,Catalog MRI (yr),Catalog Annual Rate,Catalog Occurences,Prob Filtered Catalog MRI (yr),Prob Filtered Catalog Annual Rate,Prob Filtered Catalog Occurences
HOG,191.00,0.005235602,362.15,0.0027612569,587,366.34,0.0027297281,580.29
FRA,119.00,0.008403362,116.85,0.008557817,1821,122.69,0.008150386,1734.32
COA,181.00,0.005524862,177.17,0.005644158,1200,189.18,0.0052858987,1123.85
SCZ,106.00,0.009433962,121.69,0.008217789,1749,140.93,0.0070959036,1510.24
TYS,329.00,0.0030395137,342.27,0.0029216355,622,378.69,0.0026406494,562.02
TOTAL,31.61,0.0316373,35.60,0.028093033,5978,38.62,0.025894733,5510.04
