Site Name,Data MRI (yr),Data Annual Rate,Catalog MRI (yr),Catalog Annual Rate,Catalog Occurences,Prob Filtered Catalog MRI (yr),Prob Filtered Catalog Annual Rate,Prob Filtered Catalog Occurences
HOG,191.00,0.005235602,245.53,0.004072828,281,259.19,0.003858167,266.23
FRA,119.00,0.008403362,179.02,0.0055858167,385,182.51,0.0054791514,377.58
COA,181.00,0.005524862,144.26,0.006931779,478,154.94,0.0064539835,445.06
SCZ,106.00,0.009433962,289.95,0.003448907,238,297.68,0.0033593155,231.81
TYS,329.00,0.0030395137,628.39,0.0015913586,109,666.09,0.0015012884,102.87
TOTAL,31.61,0.0316373,46.23,0.021632645,1491,48.39,0.02066408,1424.26
