Site Name,Data MRI (yr),Data Annual Rate,Catalog MRI (yr),Catalog Annual Rate,Catalog Occurences,Prob Filtered Catalog MRI (yr),Prob Filtered Catalog Annual Rate,Prob Filtered Catalog Occurences
HOG,191.00,0.005235602,404.33,0.0024732344,575,409.22,0.002443676,568.14
FRA,119.00,0.008403362,148.45,0.006736276,1565,153.37,0.006520057,1514.76
COA,181.00,0.005524862,245.53,0.0040727654,945,252.71,0.0039571403,918.2
SCZ,106.00,0.009433962,225.43,0.0044360496,1031,239.71,0.0041717044,969.16
TYS,329.00,0.0030395137,574.69,0.0017400625,404,594.74,0.0016814147,390.39
TOTAL,31.61,0.0316373,51.40,0.019453665,4519,53.28,0.01876834,4359.76
