Site Name,Data MRI (yr),Data Annual Rate,Catalog MRI (yr),Catalog Annual Rate,Catalog Occurences,Prob Filtered Catalog MRI (yr),Prob Filtered Catalog Annual Rate,Prob Filtered Catalog Occurences
HOG,191.00,0.005235602,280.34,0.00356715,695,286.33,0.003492474,680.45
FRA,119.00,0.008403362,93.47,0.010698876,2085,96.80,0.010330347,2013.16
COA,181.00,0.005524862,162.25,0.0061631575,1201,168.80,0.0059240316,1154.32
SCZ,106.00,0.009433962,215.03,0.00465043,907,220.48,0.0045355777,884.59
TYS,329.00,0.0030395137,422.38,0.0023675582,461,445.18,0.0022462704,437.39
TOTAL,31.61,0.0316373,36.43,0.027450882,5349,37.69,0.026529994,5169.58
