Site Name,Data MRI (yr),Data Annual Rate,Catalog MRI (yr),Catalog Annual Rate,Catalog Occurences,Prob Filtered Catalog MRI (yr),Prob Filtered Catalog Annual Rate,Prob Filtered Catalog Occurences
HOG,191.00,0.005235602,296.66,0.0033708552,539,300.89,0.003323486,531.43
FRA,119.00,0.008403362,115.10,0.008688132,1389,120.63,0.0082895765,1325.27
COA,181.00,0.005524862,177.10,0.005646453,902,187.29,0.0053392504,852.98
SCZ,106.00,0.009433962,168.91,0.0059204726,946,186.42,0.0053643216,857.03
TYS,329.00,0.0030395137,423.76,0.0023598252,377,452.98,0.0022076098,352.73
TOTAL,31.61,0.0316373,38.48,0.025986455,4153,40.77,0.02452841,3920.04
