Site Name,Data MRI (yr),Data Annual Rate,Catalog MRI (yr),Catalog Annual Rate,Catalog Occurences,Prob Filtered Catalog MRI (yr),Prob Filtered Catalog Annual Rate,Prob Filtered Catalog Occurences
HOG,191.00,0.005235602,358.61,0.002788567,1435,362.64,0.0027575311,1419.04
FRA,119.00,0.008403362,114.97,0.008697948,4473,120.17,0.008321274,4279.3
COA,181.00,0.005524862,170.08,0.0058795246,3023,182.11,0.0054911072,2823.34
SCZ,106.00,0.009433962,118.91,0.008409676,4324,137.25,0.0072858185,3746.12
TYS,329.00,0.0030395137,319.17,0.0031331654,1610,361.37,0.0027672653,1422.01
TOTAL,31.61,0.0316373,34.60,0.0289027,14864,37.57,0.026616573,13688.33
