Site Name,Data MRI (yr),Data Annual Rate,Catalog MRI (yr),Catalog Annual Rate,Catalog Occurences,Prob Filtered Catalog MRI (yr),Prob Filtered Catalog Annual Rate,Prob Filtered Catalog Occurences
HOG,191.00,0.005235602,355.56,0.0028124333,865,360.21,0.0027761422,853.83
FRA,119.00,0.008403362,163.17,0.00612844,1885,166.91,0.0059912405,1842.8
COA,181.00,0.005524862,235.22,0.0042513637,1307,241.59,0.0041392404,1272.52
SCZ,106.00,0.009433962,239.51,0.004175181,1284,251.23,0.0039804867,1224.16
TYS,329.00,0.0030395137,622.83,0.0016055796,494,647.81,0.0015436687,474.99
TOTAL,31.61,0.0316373,52.70,0.018975426,5835,54.24,0.018437652,5669.66
