Site Name,Data MRI (yr),Data Annual Rate,Catalog MRI (yr),Catalog Annual Rate,Catalog Occurences,Prob Filtered Catalog MRI (yr),Prob Filtered Catalog Annual Rate,Prob Filtered Catalog Occurences
HOG,191.00,0.005235602,487.26,0.0020523123,318,492.37,0.0020310106,314.7
FRA,119.00,0.008403362,214.61,0.0046595847,724,217.78,0.004591888,713.44
COA,181.00,0.005524862,313.62,0.0031885684,495,319.07,0.003134087,486.54
SCZ,106.00,0.009433962,328.72,0.0030421063,472,342.80,0.0029171444,452.62
TYS,329.00,0.0030395137,816.01,0.0012254744,191,851.28,0.0011747029,183.06
TOTAL,31.61,0.0316373,70.59,0.014165653,2199,72.31,0.013829761,2146.87
