Site Name,Data MRI (yr),Data Annual Rate,Catalog MRI (yr),Catalog Annual Rate,Catalog Occurences,Prob Filtered Catalog MRI (yr),Prob Filtered Catalog Annual Rate,Prob Filtered Catalog Occurences
HOG,191.00,0.005235602,480.03,0.0020832235,69,484.81,0.0020626835,68.32
FRA,119.00,0.008403362,189.45,0.0052785617,172,195.36,0.005118717,166.81
COA,181.00,0.005524862,315.28,0.0031717638,104,321.06,0.003114656,102.13
SCZ,106.00,0.009433962,364.05,0.002746872,89,371.83,0.0026893944,87.14
TYS,329.00,0.0030395137,566.76,0.001764415,57,678.17,0.0014745669,47.47
TOTAL,31.61,0.0316373,66.62,0.015011463,491,69.40,0.0144101335,471.35
