Site Name,Data MRI (yr),Data Annual Rate,Catalog MRI (yr),Catalog Annual Rate,Catalog Occurences,Prob Filtered Catalog MRI (yr),Prob Filtered Catalog Annual Rate,Prob Filtered Catalog Occurences
HOG,191.00,0.005235602,254.91,0.0039229263,299,316.49,0.00315969,239.95
FRA,119.00,0.008403362,182.65,0.0054749353,50,212.58,0.0047040656,41.74
COA,181.00,0.005524862,192.19,0.0052030836,98,215.45,0.0046413704,87.33
SCZ,106.00,0.009433962,206.63,0.004839683,136,226.41,0.0044167917,124.07
TYS,329.00,0.0030395137,447.09,0.0022366617,173,514.25,0.0019445764,150.28
TOTAL,31.61,0.0316373,102.01,0.0098028155,756,119.58,0.008362451,644.03
