Site Name,Data MRI (yr),Data Annual Rate,Catalog MRI (yr),Catalog Annual Rate,Catalog Occurences,Prob Filtered Catalog MRI (yr),Prob Filtered Catalog Annual Rate,Prob Filtered Catalog Occurences
HOG,191.00,0.005235602,326.29,0.003064739,121,330.47,0.0030260375,119.44
FRA,119.00,0.008403362,109.96,0.009094246,360,115.44,0.00866255,342.84
COA,181.00,0.005524862,164.75,0.006069973,240,176.62,0.0056619095,223.79
SCZ,106.00,0.009433962,93.19,0.010730632,425,120.60,0.008291933,328.26
TYS,329.00,0.0030395137,310.20,0.0032237163,127,348.61,0.0028685236,112.89
TOTAL,31.61,0.0316373,31.06,0.032191895,1273,35.06,0.028523434,1127.87
