Site Name,Data MRI (yr),Data Annual Rate,Catalog MRI (yr),Catalog Annual Rate,Catalog Occurences,Prob Filtered Catalog MRI (yr),Prob Filtered Catalog Annual Rate,Prob Filtered Catalog Occurences
HOG,191.00,0.005235602,231.35,0.0043223966,17,236.95,0.0042202696,16.57
FRA,119.00,0.008403362,91.59,0.010918525,42,96.23,0.010391997,39.94
COA,181.00,0.005524862,109.72,0.00911419,36,125.24,0.007984477,31.52
SCZ,106.00,0.009433962,87.65,0.011408481,44,121.30,0.008244057,31.72
TOTAL,34.97,0.028597787,27.85,0.035906997,139,32.27,0.030990966,120.02
