Site Name,Data MRI (yr),Data Annual Rate,Catalog MRI (yr),Catalog Annual Rate,Catalog Occurences,Prob Filtered Catalog MRI (yr),Prob Filtered Catalog Annual Rate,Prob Filtered Catalog Occurences
HOG,191.00,0.005235602,540.82,0.0018490336,75,544.65,0.0018360431,74.45
FRA,119.00,0.008403362,159.25,0.006279532,253,163.29,0.0061240387,246.76
COA,181.00,0.005524862,262.66,0.0038072732,154,270.47,0.0036972854,149.58
SCZ,106.00,0.009433962,163.16,0.0061289,247,184.05,0.0054333233,218.82
TYS,329.00,0.0030395137,421.78,0.002370893,96,453.18,0.0022066087,89.33
TOTAL,31.61,0.0316373,48.83,0.020477926,825,51.75,0.019323321,778.49
