Site Name,Data MRI (yr),Data Annual Rate,Catalog MRI (yr),Catalog Annual Rate,Catalog Occurences,Prob Filtered Catalog MRI (yr),Prob Filtered Catalog Annual Rate,Prob Filtered Catalog Occurences
HOG,191.00,0.005235602,579.32,0.0017261559,294,585.25,0.0017086584,291.02
FRA,119.00,0.008403362,190.19,0.0052577695,897,193.91,0.005157015,879.83
COA,181.00,0.005524862,244.57,0.004088808,698,252.50,0.003960328,676.03
SCZ,106.00,0.009433962,286.41,0.0034915416,596,297.87,0.0033571552,573.07
TYS,329.00,0.0030395137,593.18,0.0016858364,287,624.63,0.001600937,272.59
TOTAL,31.61,0.0316373,61.53,0.01625286,2772,63.34,0.015787482,2692.65
