Site Name,Data MRI (yr),Data Annual Rate,Catalog MRI (yr),Catalog Annual Rate,Catalog Occurences,Prob Filtered Catalog MRI (yr),Prob Filtered Catalog Annual Rate,Prob Filtered Catalog Occurences
HOG,191.00,0.005235602,607.39,0.0016463985,295,613.74,0.0016293573,291.95
FRA,119.00,0.008403362,172.29,0.0058040177,1037,187.43,0.005335242,953.3
COA,181.00,0.005524862,269.42,0.0037117437,663,280.18,0.0035691622,637.56
SCZ,106.00,0.009433962,367.69,0.0027196559,487,375.75,0.0026613465,476.56
TYS,329.00,0.0030395137,792.00,0.0012626249,226,808.08,0.0012375015,221.49
TOTAL,31.61,0.0316373,66.14,0.015120392,2703,69.43,0.014403208,2574.83
