Site Name,Data MRI (yr),Data Annual Rate,Catalog MRI (yr),Catalog Annual Rate,Catalog Occurences,Prob Filtered Catalog MRI (yr),Prob Filtered Catalog Annual Rate,Prob Filtered Catalog Occurences
HOG,191.00,0.005235602,360.08,0.0027771406,141,363.75,0.0027491709,139.59
FRA,119.00,0.008403362,122.13,0.00818793,415,127.08,0.007868998,398.83
COA,181.00,0.005524862,176.79,0.005656335,287,188.01,0.0053188624,269.89
SCZ,106.00,0.009433962,128.54,0.0077794935,395,146.11,0.006844229,347.23
TYS,329.00,0.0030395137,375.61,0.0026623143,134,407.55,0.002453669,123.4
TOTAL,31.61,0.0316373,36.94,0.027070267,1372,39.65,0.025218513,1277.89
