Min Mag,Mean,Standard Deviation,COV
6.0,1.0025246,0.3471561,0.3462819
6.5,0.8465898,0.23476653,0.27730846
7.0,0.7339624,0.21000436,0.2861241
7.5,0.7224204,0.25004622,0.3461229
