Site Name,Data MRI (yr),Data Annual Rate,Catalog MRI (yr),Catalog Annual Rate,Catalog Occurences,Prob Filtered Catalog MRI (yr),Prob Filtered Catalog Annual Rate,Prob Filtered Catalog Occurences
HOG,191.00,0.005235602,464.60,0.0021523784,599,469.91,0.0021280479,592.2
FRA,119.00,0.008403362,169.58,0.005896748,1639,174.13,0.0057428265,1596.23
COA,181.00,0.005524862,278.20,0.0035945293,999,286.27,0.0034932268,970.86
SCZ,106.00,0.009433962,257.34,0.0038859223,1081,270.40,0.0036982533,1028.84
TYS,329.00,0.0030395137,662.96,0.0015083759,419,681.33,0.0014677075,407.73
TOTAL,31.61,0.0316373,58.72,0.017031003,4736,60.50,0.01652868,4596.3
