Site Name,Data MRI (yr),Data Annual Rate,Catalog MRI (yr),Catalog Annual Rate,Catalog Occurences,Prob Filtered Catalog MRI (yr),Prob Filtered Catalog Annual Rate,Prob Filtered Catalog Occurences
HOG,191.00,0.005235602,365.97,0.0027324567,144,369.61,0.0027055268,142.56
FRA,119.00,0.008403362,122.83,0.00814107,427,127.94,0.007816017,409.97
COA,181.00,0.005524862,190.93,0.005237468,275,199.69,0.0050077853,262.92
SCZ,106.00,0.009433962,131.70,0.007592845,399,150.64,0.0066381413,348.85
TYS,329.00,0.0030395137,370.75,0.0026972569,141,401.35,0.0024915808,130.2
TOTAL,31.61,0.0316373,37.86,0.026416074,1386,40.54,0.024669487,1294.41
