Min Mag,Mean,Standard Deviation,COV
6.0,1.0063335,0.3508374,0.34862936
6.5,0.84525234,0.23642437,0.27970862
7.0,0.7342659,0.20800054,0.28327686
7.5,0.73525494,0.23496507,0.31956953
