Site Name,Data MRI (yr),Data Annual Rate,Catalog MRI (yr),Catalog Annual Rate,Catalog Occurences,Prob Filtered Catalog MRI (yr),Prob Filtered Catalog Annual Rate,Prob Filtered Catalog Occurences
HOG,191.00,0.005235602,466.05,0.0021457057,228,482.21,0.0020737725,220.39
FRA,119.00,0.008403362,195.92,0.005104008,540,198.66,0.005033648,532.56
COA,181.00,0.005524862,264.20,0.0037850619,401,267.55,0.0037375593,395.98
SCZ,106.00,0.009433962,230.71,0.0043343944,459,237.67,0.0042075673,445.59
TYS,329.00,0.0030395137,380.24,0.0026298836,279,398.71,0.002508095,265.96
TOTAL,31.61,0.0316373,55.54,0.01800354,1907,56.94,0.017562669,1860.22
