Site Name,Data MRI (yr),Data Annual Rate,Catalog MRI (yr),Catalog Annual Rate,Catalog Occurences,Prob Filtered Catalog MRI (yr),Prob Filtered Catalog Annual Rate,Prob Filtered Catalog Occurences
HOG,191.00,0.005235602,312.92,0.0031957359,340,316.32,0.0031613319,336.32
FRA,119.00,0.008403362,100.38,0.009961927,1061,106.29,0.0094086295,1001.97
COA,181.00,0.005524862,153.11,0.0065314556,696,164.55,0.0060771713,647.56
SCZ,106.00,0.009433962,81.38,0.012288219,1309,117.34,0.008521912,907.3
TYS,329.00,0.0030395137,254.80,0.003924696,418,304.85,0.0032802569,349.23
TOTAL,31.61,0.0316373,27.86,0.035895914,3824,32.85,0.030439034,3241.87
