Site Name,Data MRI (yr),Data Annual Rate,Catalog MRI (yr),Catalog Annual Rate,Catalog Occurences,Prob Filtered Catalog MRI (yr),Prob Filtered Catalog Annual Rate,Prob Filtered Catalog Occurences
HOG,191.00,0.005235602,357.07,0.0028005806,1521,361.28,0.0027679496,1503.28
FRA,119.00,0.008403362,115.02,0.008694097,4723,119.95,0.008337062,4529.03
COA,181.00,0.005524862,163.76,0.0061063776,3317,175.61,0.005694402,3093.23
SCZ,106.00,0.009433962,117.81,0.008487996,4610,135.84,0.007361869,3998.31
TYS,329.00,0.0030395137,304.78,0.003281064,1781,349.38,0.0028622507,1553.73
TOTAL,31.61,0.0316373,34.05,0.029368393,15952,37.01,0.02701846,14675.6
