Site Name,Data MRI (yr),Data Annual Rate,Catalog MRI (yr),Catalog Annual Rate,Catalog Occurences,Prob Filtered Catalog MRI (yr),Prob Filtered Catalog Annual Rate,Prob Filtered Catalog Occurences
HOG,191.00,0.005235602,375.28,0.0026646943,20,380.89,0.002625422,19.71
FRA,119.00,0.008403362,149.52,0.0066881347,51,153.94,0.0064959354,49.54
COA,181.00,0.005524862,258.61,0.0038667736,30,268.66,0.0037221282,28.89
SCZ,106.00,0.009433962,188.98,0.0052917004,41,202.92,0.0049281437,38.21
TOTAL,34.97,0.028597787,53.74,0.018608395,142,55.63,0.017977333,137.2
