Site Name,Data MRI (yr),Data Annual Rate,Catalog MRI (yr),Catalog Annual Rate,Catalog Occurences,Prob Filtered Catalog MRI (yr),Prob Filtered Catalog Annual Rate,Prob Filtered Catalog Occurences
HOG,191.00,0.005235602,312.54,0.003199596,527,316.97,0.0031548264,519.63
FRA,119.00,0.008403362,95.13,0.010512225,1730,101.47,0.009855387,1621.94
COA,181.00,0.005524862,188.14,0.005315268,875,197.80,0.0050556893,832.29
SCZ,106.00,0.009433962,166.72,0.005998188,988,183.61,0.0054463805,897.16
TYS,329.00,0.0030395137,457.67,0.0021849861,359,488.24,0.002048176,336.41
TOTAL,31.61,0.0316373,36.75,0.027210684,4479,39.13,0.025552718,4206.12
