Site Name,Data MRI (yr),Data Annual Rate,Catalog MRI (yr),Catalog Annual Rate,Catalog Occurences,Prob Filtered Catalog MRI (yr),Prob Filtered Catalog Annual Rate,Prob Filtered Catalog Occurences
HOG,191.00,0.005235602,368.94,0.002710494,1125,373.78,0.002675384,1110.43
FRA,119.00,0.008403362,134.02,0.0074617444,3096,140.35,0.007125066,2956.29
COA,181.00,0.005524862,234.30,0.004268075,1771,240.44,0.0041590957,1725.76
SCZ,106.00,0.009433962,331.04,0.0030208223,1254,343.79,0.0029087816,1207.49
TYS,329.00,0.0030395137,592.58,0.0016875404,701,610.86,0.0016370348,680.05
TOTAL,31.61,0.0316373,52.23,0.01914522,7945,54.04,0.018505763,7679.66
