Site Name,Data MRI (yr),Data Annual Rate,Catalog MRI (yr),Catalog Annual Rate,Catalog Occurences,Prob Filtered Catalog MRI (yr),Prob Filtered Catalog Annual Rate,Prob Filtered Catalog Occurences
HOG,191.00,0.005235602,352.23,0.0028390326,956,356.78,0.0028028255,943.79
FRA,119.00,0.008403362,109.58,0.009125803,3076,116.69,0.0085697165,2888.61
COA,181.00,0.005524862,173.24,0.0057724463,1945,185.65,0.00538637,1814.95
SCZ,106.00,0.009433962,114.99,0.008696055,2931,134.96,0.0074093696,2497.36
TYS,329.00,0.0030395137,332.87,0.0030041367,1012,369.11,0.0027092097,912.64
TOTAL,31.61,0.0316373,33.97,0.02943702,9920,37.20,0.026882777,9059.29
