Site Name,Data MRI (yr),Data Annual Rate,Catalog MRI (yr),Catalog Annual Rate,Catalog Occurences,Prob Filtered Catalog MRI (yr),Prob Filtered Catalog Annual Rate,Prob Filtered Catalog Occurences
HOG,191.00,0.005235602,360.81,0.002771551,551,364.67,0.002742225,545.16
FRA,119.00,0.008403362,127.39,0.007850129,1560,132.24,0.0075622206,1502.81
COA,181.00,0.005524862,218.79,0.004570645,908,227.90,0.0043879114,871.69
SCZ,106.00,0.009433962,186.77,0.0053541325,1064,204.34,0.0048938757,972.58
TYS,329.00,0.0030395137,520.44,0.001921433,382,545.99,0.0018315406,364.13
TOTAL,31.61,0.0316373,44.49,0.022475583,4465,46.68,0.021424374,4256.21
