Site Name,Data MRI (yr),Data Annual Rate,Catalog MRI (yr),Catalog Annual Rate,Catalog Occurences,Prob Filtered Catalog MRI (yr),Prob Filtered Catalog Annual Rate,Prob Filtered Catalog Occurences
HOG,191.00,0.005235602,490.48,0.0020388335,1095,495.69,0.0020174033,1083.47
FRA,119.00,0.008403362,209.31,0.0047775335,2566,213.19,0.004690723,2519.37
COA,181.00,0.005524862,319.78,0.0031271456,1679,325.59,0.0030713116,1648.99
SCZ,106.00,0.009433962,322.25,0.0031032134,1666,335.87,0.0029773172,1598.44
TYS,329.00,0.0030395137,778.77,0.0012840838,689,818.28,0.0012220803,655.73
TOTAL,31.61,0.0316373,69.84,0.0143177,7688,71.60,0.013967198,7499.8
