Site Name,Data MRI (yr),Data Annual Rate,Catalog MRI (yr),Catalog Annual Rate,Catalog Occurences,Prob Filtered Catalog MRI (yr),Prob Filtered Catalog Annual Rate,Prob Filtered Catalog Occurences
HOG,191.00,0.005235602,446.96,0.002237348,1229,451.86,0.0022130979,1215.69
FRA,119.00,0.008403362,146.39,0.0068311905,3750,151.24,0.006611835,3629.48
COA,181.00,0.005524862,219.77,0.0045501147,2498,230.54,0.0043376684,2381.4
SCZ,106.00,0.009433962,149.95,0.006668951,3661,165.05,0.0060588787,3326
TYS,329.00,0.0030395137,424.83,0.0023538808,1293,457.22,0.0021871093,1201.42
TOTAL,31.61,0.0316373,44.16,0.022643916,12431,46.71,0.021406494,11751.64
