Site Name,Data MRI (yr),Data Annual Rate,Catalog MRI (yr),Catalog Annual Rate,Catalog Occurences,Prob Filtered Catalog MRI (yr),Prob Filtered Catalog Annual Rate,Prob Filtered Catalog Occurences
HOG,191.00,0.005235602,445.83,0.0022429845,57,450.48,0.0022198348,56.41
FRA,119.00,0.008403362,152.51,0.0065570516,167,159.22,0.0062804725,159.99
COA,181.00,0.005524862,221.84,0.0045077163,115,228.95,0.0043678368,111.45
SCZ,106.00,0.009433962,235.72,0.0042423108,108,249.00,0.0040160557,102.26
TYS,329.00,0.0030395137,419.80,0.0023821143,61,443.85,0.0022529946,57.66
TOTAL,31.61,0.0316373,50.05,0.019981451,507,52.09,0.01919751,487.14
