Magnitude,Mean,Standard Deviation
10.0,2.018341,0.6409955
30.0,2.5327663,0.2402199
50.0,2.63471,0.21527407
70.0,2.57573,0.118793085
90.0,2.5513449,0.10308912
