Min Mag,Mean,Standard Deviation,COV
6.0,0.99646854,0.9694961,0.9729319
6.5,0.9956992,0.68104947,0.68399113
7.0,0.994566,0.59047234,0.5936985
7.5,0.9956677,0.5330488,0.5353682
