Site Name,Data MRI (yr),Data Annual Rate,Catalog MRI (yr),Catalog Annual Rate,Catalog Occurences,Prob Filtered Catalog MRI (yr),Prob Filtered Catalog Annual Rate,Prob Filtered Catalog Occurences
HOG,191.00,0.005235602,345.79,0.0028919678,187,364.41,0.0027441531,177.47
FRA,119.00,0.008403362,231.36,0.0043223053,279,234.72,0.004260339,274.99
COA,181.00,0.005524862,238.91,0.004185639,270,243.12,0.004113181,265.32
SCZ,106.00,0.009433962,175.33,0.0057035177,369,185.75,0.005383459,348.29
TYS,329.00,0.0030395137,159.18,0.006282199,405,218.69,0.0045726323,294.61
TOTAL,31.61,0.0316373,42.77,0.023382463,1510,47.48,0.021062046,1360.25
