Site Name,Data MRI (yr),Data Annual Rate,Catalog MRI (yr),Catalog Annual Rate,Catalog Occurences,Prob Filtered Catalog MRI (yr),Prob Filtered Catalog Annual Rate,Prob Filtered Catalog Occurences
HOG,191.00,0.005235602,420.06,0.0023806214,584,424.80,0.0023540363,577.46
FRA,119.00,0.008403362,156.16,0.006403496,1570,160.84,0.0062173987,1524.36
COA,181.00,0.005524862,251.65,0.0039737634,975,259.05,0.0038602161,947.11
SCZ,106.00,0.009433962,236.39,0.0042303666,1038,250.33,0.0039947364,980.22
TYS,329.00,0.0030395137,591.53,0.0016905247,415,614.14,0.0016282966,399.73
TOTAL,31.61,0.0316373,53.54,0.018677866,4581,55.40,0.018052002,4427.52
