Site Name,Data MRI (yr),Data Annual Rate,Catalog MRI (yr),Catalog Annual Rate,Catalog Occurences,Prob Filtered Catalog MRI (yr),Prob Filtered Catalog Annual Rate,Prob Filtered Catalog Occurences
HOG,191.00,0.005235602,357.76,0.0027952052,1261,361.94,0.0027628613,1246.4
FRA,119.00,0.008403362,117.13,0.008537225,3849,122.58,0.008157872,3677.98
COA,181.00,0.005524862,176.22,0.0056748292,2558,188.48,0.0053057275,2391.39
SCZ,106.00,0.009433962,120.72,0.008283458,3735,139.05,0.0071915775,3242.62
TYS,329.00,0.0030395137,345.00,0.0028985627,1307,381.18,0.0026234463,1182.96
TOTAL,31.61,0.0316373,35.47,0.02818901,12709,38.40,0.026040358,11740.14
