Site Name,Data MRI (yr),Data Annual Rate,Catalog MRI (yr),Catalog Annual Rate,Catalog Occurences,Prob Filtered Catalog MRI (yr),Prob Filtered Catalog Annual Rate,Prob Filtered Catalog Occurences
HOG,191.00,0.005235602,355.08,0.0028162324,1031,359.00,0.002785548,1019.75
FRA,119.00,0.008403362,112.24,0.0089094015,3261,118.61,0.008430733,3085.65
COA,181.00,0.005524862,174.39,0.0057341666,2099,186.62,0.0053585037,1961.49
SCZ,106.00,0.009433962,117.48,0.0085122725,3114,136.93,0.0073027737,2671.52
TYS,329.00,0.0030395137,336.83,0.0029688186,1086,373.40,0.002678117,979.68
TOTAL,31.61,0.0316373,34.56,0.028933931,10590,37.65,0.026561359,9721.14
