Site Name,Data MRI (yr),Data Annual Rate,Catalog MRI (yr),Catalog Annual Rate,Catalog Occurences,Prob Filtered Catalog MRI (yr),Prob Filtered Catalog Annual Rate,Prob Filtered Catalog Occurences
HOG,191.00,0.005235602,401.18,0.0024926583,569,406.11,0.0024623778,562.1
FRA,119.00,0.008403362,148.43,0.0067370646,1540,153.57,0.0065115504,1488.45
COA,181.00,0.005524862,236.08,0.004235841,969,244.45,0.004090737,935.84
SCZ,106.00,0.009433962,230.86,0.0043315906,990,244.40,0.0040916614,935.02
TYS,329.00,0.0030395137,563.27,0.0017753417,405,586.03,0.0017063946,389.29
TOTAL,31.61,0.0316373,51.10,0.019568885,4473,53.03,0.018855982,4310.05
