Event ID,Total
223538,-1.9078759
444446,-1.7988359
566496,-2.1226563
