Magnitude,Mean,Standard Deviation
10.0,1.0091966,0.446813
30.0,1.2663784,0.13088188
50.0,1.3173481,0.11323218
70.0,1.287867,0.041907895
90.0,1.2756622,0.036697056
