Site Name,Data MRI (yr),Data Annual Rate,Catalog MRI (yr),Catalog Annual Rate,Catalog Occurences,Prob Filtered Catalog MRI (yr),Prob Filtered Catalog Annual Rate,Prob Filtered Catalog Occurences
HOG,191.00,0.005235602,333.78,0.0029959604,1352,339.73,0.0029434764,1328.31
FRA,119.00,0.008403362,101.76,0.009827112,4435,109.90,0.009099442,4106.65
COA,181.00,0.005524862,176.34,0.005670951,2560,188.47,0.0053059626,2395.3
SCZ,106.00,0.009433962,129.24,0.0077376594,3493,147.43,0.0067830035,3062
TYS,329.00,0.0030395137,349.22,0.0028635333,1293,389.35,0.0025683676,1159.74
TOTAL,31.61,0.0316373,34.37,0.029095992,13132,37.46,0.02669255,12047.04
