Site Name,Data MRI (yr),Data Annual Rate,Catalog MRI (yr),Catalog Annual Rate,Catalog Occurences,Prob Filtered Catalog MRI (yr),Prob Filtered Catalog Annual Rate,Prob Filtered Catalog Occurences
HOG,191.00,0.005235602,594.24,0.0016828266,52,599.88,0.0016669931,51.48
FRA,119.00,0.008403362,215.67,0.004636691,142,220.08,0.004543713,139.14
COA,181.00,0.005524862,211.21,0.0047347285,146,220.76,0.004529767,139.62
SCZ,106.00,0.009433962,266.28,0.0037554186,115,281.15,0.0035568804,108.82
TYS,329.00,0.0030395137,631.62,0.0015832265,49,647.62,0.0015441076,47.76
TOTAL,31.61,0.0316373,61.02,0.016387314,504,63.10,0.015847633,487.31
