Magnitude,Mean,Standard Deviation
10.0,0.59695834,0.48827174
30.0,0.6926061,0.18508767
50.0,0.7783658,0.10543944
70.0,0.82328033,0.08122329
