Site Name,Data MRI (yr),Data Annual Rate,Catalog MRI (yr),Catalog Annual Rate,Catalog Occurences,Prob Filtered Catalog MRI (yr),Prob Filtered Catalog Annual Rate,Prob Filtered Catalog Occurences
HOG,191.00,0.005235602,197.13,0.00507291,33,203.49,0.0049141557,31.9
FRA,119.00,0.008403362,66.36,0.015068578,97,71.02,0.014079789,90.61
COA,181.00,0.005524862,111.17,0.008994836,58,119.58,0.008362937,53.93
SCZ,106.00,0.009433962,148.57,0.00673094,43,157.86,0.006334887,40.46
TYS,329.00,0.0030395137,245.76,0.0040689553,26,280.21,0.00356875,22.83
TOTAL,31.61,0.0316373,25.06,0.039896846,257,26.78,0.037341576,240.56
