Magnitude,Mean,Standard Deviation
10.0,3.1930003,1.6165345
30.0,2.6955817,0.27631474
50.0,2.6631477,0.19205539
70.0,2.479317,0.18251145
90.0,2.3372967,0.110459
