Site Name,Data MRI (yr),Data Annual Rate,Catalog MRI (yr),Catalog Annual Rate,Catalog Occurences,Prob Filtered Catalog MRI (yr),Prob Filtered Catalog Annual Rate,Prob Filtered Catalog Occurences
HOG,191.00,0.005235602,508.26,0.0019674988,243,512.79,0.001950103,240.81
FRA,119.00,0.008403362,145.06,0.0068937615,853,160.17,0.0062432145,772.34
COA,181.00,0.005524862,226.36,0.0044177948,547,239.68,0.0041721766,516.25
SCZ,106.00,0.009433962,316.11,0.0031635046,391,327.48,0.003053593,377.41
TYS,329.00,0.0030395137,637.73,0.001568074,194,660.73,0.0015134732,187.25
TOTAL,31.61,0.0316373,55.63,0.017974328,2223,59.16,0.016903134,2090.07
