Site Name,Data MRI (yr),Data Annual Rate,Catalog MRI (yr),Catalog Annual Rate,Catalog Occurences,Prob Filtered Catalog MRI (yr),Prob Filtered Catalog Annual Rate,Prob Filtered Catalog Occurences
HOG,191.00,0.005235602,353.44,0.002829372,381,358.54,0.002789102,375.57
FRA,119.00,0.008403362,123.75,0.008080735,1088,128.58,0.0077773957,1047.16
COA,181.00,0.005524862,179.50,0.0055710557,750,190.38,0.005252762,707.17
SCZ,106.00,0.009433962,129.25,0.007736748,1042,147.93,0.006760142,910.41
TYS,329.00,0.0030395137,361.04,0.0027697557,373,396.49,0.0025221142,339.28
TOTAL,31.61,0.0316373,37.06,0.026984245,3633,39.85,0.025093442,3378.29
