Min Mag,Mean,Standard Deviation,COV
6.0,0.9960539,0.97375923,0.97761697
6.5,0.99266607,0.76113296,0.7667563
7.0,0.97598594,0.75155294,0.7700448
7.5,0.96277237,0.65755886,0.68298477
