Min Mag,Mean,Standard Deviation,COV
6.0,0.9902171,0.759349,0.766851
6.5,0.9838867,0.6015257,0.611377
7.0,0.962352,0.58645165,0.60939413
7.5,0.9469662,0.56995535,0.6018751
