Site Name,Data MRI (yr),Data Annual Rate,Catalog MRI (yr),Catalog Annual Rate,Catalog Occurences,Prob Filtered Catalog MRI (yr),Prob Filtered Catalog Annual Rate,Prob Filtered Catalog Occurences
HOG,191.00,0.005235602,451.78,0.0022134501,320,456.51,0.0021905552,316.67
FRA,119.00,0.008403362,117.08,0.008540973,1235,131.79,0.0075880936,1097.23
COA,181.00,0.005524862,227.25,0.0044004624,470,239.48,0.0041757813,445.98
SCZ,106.00,0.009433962,300.74,0.0033250828,32,315.50,0.0031696127,30.38
TYS,329.00,0.0030395137,505.64,0.001977687,235,532.26,0.0018787943,223.29
TOTAL,31.61,0.0316373,63.18,0.015828801,2290,68.60,0.014577591,2108.94
