Min Mag,Mean,Standard Deviation,COV
6.0,0.9220587,0.5711167,0.619393
6.5,0.6705994,0.31659678,0.47211012
7.0,0.6232572,0.27968487,0.44874707
7.5,0.599702,0.25153074,0.4194262
