Magnitude,Mean,Standard Deviation
10.0,1.511772,0.9946042
30.0,1.8169127,0.3003335
50.0,1.7160541,0.0
