Site Name,Data MRI (yr),Data Annual Rate,Catalog MRI (yr),Catalog Annual Rate,Catalog Occurences,Prob Filtered Catalog MRI (yr),Prob Filtered Catalog Annual Rate,Prob Filtered Catalog Occurences
HOG,191.00,0.005235602,404.90,0.0024697164,2462,409.54,0.002441788,2434.16
FRA,119.00,0.008403362,151.19,0.0066142087,6593,156.10,0.006406193,6385.67
COA,181.00,0.005524862,244.52,0.004089617,4076,252.53,0.003959928,3946.75
SCZ,106.00,0.009433962,223.37,0.0044768727,4463,237.97,0.004202251,4189.04
TYS,329.00,0.0030395137,558.23,0.0017913908,1786,582.13,0.0017178286,1712.68
TOTAL,31.61,0.0316373,51.45,0.019437807,19376,53.40,0.01872589,18665.97
