Min Mag,Mean,Standard Deviation,COV
6.0,0.98588645,0.50777525,0.51504433
6.5,0.81024474,0.29855874,0.36847967
7.0,0.6908692,0.23543276,0.3407776
7.5,0.62377053,0.25617844,0.41069338
