Site Name,Data MRI (yr),Data Annual Rate,Catalog MRI (yr),Catalog Annual Rate,Catalog Occurences,Prob Filtered Catalog MRI (yr),Prob Filtered Catalog Annual Rate,Prob Filtered Catalog Occurences
HOG,191.00,0.005235602,358.72,0.002787653,233,362.43,0.0027591502,230.61
FRA,119.00,0.008403362,119.71,0.008353519,699,124.64,0.008023334,671.37
COA,181.00,0.005524862,178.62,0.0055984086,468,189.06,0.005289357,442.22
SCZ,106.00,0.009433962,128.34,0.007791553,650,147.09,0.0067984113,567.22
TYS,329.00,0.0030395137,366.34,0.0027297034,229,400.14,0.0024991243,209.59
TOTAL,31.61,0.0316373,36.68,0.027262632,2279,39.44,0.025356738,2119.74
