Min Mag,Mean,Standard Deviation,COV
6.0,1.0019224,0.3549589,0.35427785
6.5,0.8412434,0.2341288,0.2783128
7.0,0.73620623,0.20845014,0.28314096
7.5,0.71757054,0.23358046,0.3255157
