Site Name,Data MRI (yr),Data Annual Rate,Catalog MRI (yr),Catalog Annual Rate,Catalog Occurences,Prob Filtered Catalog MRI (yr),Prob Filtered Catalog Annual Rate,Prob Filtered Catalog Occurences
HOG,191.00,0.005235602,496.75,0.0020130868,90,501.21,0.0019951835,89.2
FRA,119.00,0.008403362,140.59,0.007112712,315,163.31,0.006123272,271
COA,181.00,0.005524862,211.01,0.0047391313,210,228.43,0.0043777525,193.94
SCZ,106.00,0.009433962,348.28,0.0028712286,128,358.62,0.0027884282,124.31
TYS,329.00,0.0030395137,736.71,0.001357395,60,748.66,0.0013357166,59.01
TOTAL,31.61,0.0316373,55.21,0.018112702,803,60.13,0.016630335,737.08
