Site Name,Data MRI (yr),Data Annual Rate,Catalog MRI (yr),Catalog Annual Rate,Catalog Occurences,Prob Filtered Catalog MRI (yr),Prob Filtered Catalog Annual Rate,Prob Filtered Catalog Occurences
HOG,191.00,0.005235602,489.30,0.0020437564,1280,494.03,0.002024166,1267.72
FRA,119.00,0.008403362,152.53,0.0065560695,4106,157.45,0.006351308,3977.73
COA,181.00,0.005524862,184.27,0.0054266825,3397,191.74,0.005215497,3264.81
SCZ,106.00,0.009433962,233.87,0.00427584,2678,242.85,0.0041177585,2578.98
TYS,329.00,0.0030395137,606.81,0.0016479669,1032,655.77,0.0015249246,954.96
TOTAL,31.61,0.0316373,50.12,0.019950895,12493,51.98,0.019237494,12046.29
