Site Name,Data MRI (yr),Data Annual Rate,Catalog MRI (yr),Catalog Annual Rate,Catalog Occurences,Prob Filtered Catalog MRI (yr),Prob Filtered Catalog Annual Rate,Prob Filtered Catalog Occurences
HOG,191.00,0.005235602,511.59,0.0019546836,623,517.22,0.0019334065,616.18
FRA,119.00,0.008403362,192.98,0.0051819533,1653,197.23,0.0050701634,1617.35
COA,181.00,0.005524862,324.39,0.003082755,983,331.50,0.0030166109,961.93
SCZ,106.00,0.009433962,283.69,0.0035250303,1125,295.35,0.0033857946,1080.51
TYS,329.00,0.0030395137,770.45,0.0012979447,414,786.16,0.0012720089,405.74
TOTAL,31.61,0.0316373,66.47,0.015044102,4798,68.16,0.014670558,4678.88
