Site Name,Data MRI (yr),Data Annual Rate,Catalog MRI (yr),Catalog Annual Rate,Catalog Occurences,Prob Filtered Catalog MRI (yr),Prob Filtered Catalog Annual Rate,Prob Filtered Catalog Occurences
HOG,191.00,0.005235602,493.50,0.0020263619,117,497.92,0.002008369,115.95
FRA,119.00,0.008403362,213.60,0.0046816203,271,217.54,0.004596817,266.1
COA,181.00,0.005524862,322.06,0.003104997,180,326.83,0.0030597267,177.37
SCZ,106.00,0.009433962,330.31,0.00302746,176,342.26,0.002921759,169.83
TYS,329.00,0.0030395137,823.66,0.0012140963,71,858.69,0.0011645627,68.08
TOTAL,31.61,0.0316373,71.01,0.014082015,815,72.58,0.013777884,797.36
