Event ID,Total
89533,-3.0739458
104748,-3.1733143
238094,-3.0510848
308807,-3.28456
470431,-3.1169755
473869,-3.0856833
708419,-3.381954
854711,-3.1669354
