Event ID,Total
0,-1.3735677
1,-1.3579382
2,-1.3428435
3,-1.2861583
4,-1.5867059
5,-1.4284782
6,-1.177723
7,-1.4803236
8,-1.1367
9,-1.6769217
