Site Name,Data MRI (yr),Data Annual Rate,Catalog MRI (yr),Catalog Annual Rate,Catalog Occurences,Prob Filtered Catalog MRI (yr),Prob Filtered Catalog Annual Rate,Prob Filtered Catalog Occurences
HOG,191.00,0.005235602,319.38,0.0031310667,588,332.46,0.0030079118,564.89
FRA,119.00,0.008403362,203.55,0.004912888,923,222.78,0.004488753,843.23
COA,181.00,0.005524862,259.16,0.003858626,725,271.34,0.0036854493,692.49
SCZ,106.00,0.009433962,2267.34,4.410452E-4,34,2479.62,4.0328808E-4,31.14
TYS,329.00,0.0030395137,1811.69,5.519702E-4,103,1856.67,5.3859904E-4,100.5
TOTAL,31.61,0.0316373,79.14,0.012636211,2373,84.13,0.011886164,2232.12
