Site Name,Data MRI (yr),Data Annual Rate,Catalog MRI (yr),Catalog Annual Rate,Catalog Occurences,Prob Filtered Catalog MRI (yr),Prob Filtered Catalog Annual Rate,Prob Filtered Catalog Occurences
HOG,191.00,0.005235602,353.15,0.0028316425,1066,357.28,0.002798963,1053.7
FRA,119.00,0.008403362,114.79,0.0087115355,3279,120.53,0.00829669,3122.71
COA,181.00,0.005524862,173.56,0.0057617924,2169,186.30,0.0053676977,2020.58
SCZ,106.00,0.009433962,117.71,0.008495631,3197,136.84,0.0073075513,2749.89
TYS,329.00,0.0030395137,336.96,0.0029677462,1115,373.80,0.0026752036,1005.12
TOTAL,31.61,0.0316373,34.76,0.02876794,10826,37.82,0.026441216,9950.48
