Site Name,Data MRI (yr),Data Annual Rate,Catalog MRI (yr),Catalog Annual Rate,Catalog Occurences,Prob Filtered Catalog MRI (yr),Prob Filtered Catalog Annual Rate,Prob Filtered Catalog Occurences
HOG,191.00,0.005235602,730.23,0.0013694274,794,737.68,0.0013556039,785.98
FRA,119.00,0.008403362,262.02,0.0038165515,2212,265.85,0.0037615094,2180.09
COA,181.00,0.005524862,392.97,0.0025446918,1475,399.14,0.002505407,1452.22
SCZ,106.00,0.009433962,384.02,0.0026040075,1509,393.78,0.0025395022,1471.61
TYS,329.00,0.0030395137,938.93,0.0010650475,617,954.56,0.0010476026,606.9
TOTAL,31.61,0.0316373,87.71,0.011401844,6607,89.16,0.011215922,6499.26
