Event ID,Total
0,-0.89915025
1,-0.8615085
2,-0.68214715
3,-0.439034
4,-1.1249413
5,-0.68743247
6,-0.85046256
7,-0.95206296
8,-0.8784018
9,-1.0506952
