Site Name,Data MRI (yr),Data Annual Rate,Catalog MRI (yr),Catalog Annual Rate,Catalog Occurences,Prob Filtered Catalog MRI (yr),Prob Filtered Catalog Annual Rate,Prob Filtered Catalog Occurences
HOG,191.00,0.005235602,306.00,0.0032679334,230,315.77,0.0031668453,222.88
FRA,119.00,0.008403362,189.87,0.0052667754,370,212.14,0.004713962,331.25
COA,181.00,0.005524862,222.34,0.004497624,318,229.04,0.004365987,308.7
SCZ,106.00,0.009433962,2001.03,4.9974164E-4,21,2237.79,4.4686897E-4,18.47
TYS,329.00,0.0030395137,1085.13,9.215483E-4,64,1117.57,8.947974E-4,62.16
TOTAL,31.61,0.0316373,70.41,0.014202276,1002,74.93,0.013346272,941.61
