Site Name,Data MRI (yr),Data Annual Rate,Catalog MRI (yr),Catalog Annual Rate,Catalog Occurences,Prob Filtered Catalog MRI (yr),Prob Filtered Catalog Annual Rate,Prob Filtered Catalog Occurences
HOG,191.00,0.005235602,356.10,0.0028082295,1278,360.57,0.0027734202,1262.13
FRA,119.00,0.008403362,117.34,0.008522522,3877,122.66,0.008152675,3708.75
COA,181.00,0.005524862,177.85,0.0056225727,2557,189.47,0.005278008,2400.35
SCZ,106.00,0.009433962,119.23,0.008386881,3817,138.02,0.0072454447,3297.42
TYS,329.00,0.0030395137,341.54,0.0029279091,1333,377.46,0.0026492649,1206.16
TOTAL,31.61,0.0316373,35.38,0.028266164,12862,38.31,0.026100181,11876.36
