Site Name,Data MRI (yr),Data Annual Rate,Catalog MRI (yr),Catalog Annual Rate,Catalog Occurences,Prob Filtered Catalog MRI (yr),Prob Filtered Catalog Annual Rate,Prob Filtered Catalog Occurences
HOG,191.00,0.005235602,345.97,0.002890429,1291,350.09,0.002856414,1275.8
FRA,119.00,0.008403362,114.34,0.008746157,3906,120.02,0.008331999,3721.02
COA,181.00,0.005524862,171.86,0.005818711,2599,184.48,0.005420756,2421.05
SCZ,106.00,0.009433962,119.41,0.008374625,3739,138.54,0.007218307,3222.82
TYS,329.00,0.0030395137,332.56,0.0030069475,1343,371.09,0.0026947735,1203.42
TOTAL,31.61,0.0316373,34.68,0.028833324,12875,37.68,0.026537767,11849.86
