Site Name,Data MRI (yr),Data Annual Rate,Catalog MRI (yr),Catalog Annual Rate,Catalog Occurences,Prob Filtered Catalog MRI (yr),Prob Filtered Catalog Annual Rate,Prob Filtered Catalog Occurences
HOG,191.00,0.005235602,373.05,0.0026806376,504,379.54,0.0026347523,495.39
FRA,119.00,0.008403362,177.64,0.0056292918,1057,181.74,0.0055023124,1033.18
COA,181.00,0.005524862,302.26,0.0033084333,621,307.14,0.003255859,611.1
SCZ,106.00,0.009433962,319.67,0.003128211,587,333.59,0.002997705,562.53
TYS,329.00,0.0030395137,741.38,0.0013488443,253,771.58,0.0012960405,243.07
TOTAL,31.61,0.0316373,62.13,0.016094485,3021,63.76,0.015684811,2944.12
