Site Name,Data MRI (yr),Data Annual Rate,Catalog MRI (yr),Catalog Annual Rate,Catalog Occurences,Prob Filtered Catalog MRI (yr),Prob Filtered Catalog Annual Rate,Prob Filtered Catalog Occurences
HOG,191.00,0.005235602,626.05,0.001597314,1331,632.78,0.0015803362,1316.85
FRA,119.00,0.008403362,204.23,0.0048963334,4079,208.26,0.0048017087,4000.19
COA,181.00,0.005524862,308.87,0.0032375706,2697,319.10,0.0031338455,2610.61
SCZ,106.00,0.009433962,214.57,0.004660376,3882,224.71,0.004450102,3706.79
TYS,329.00,0.0030395137,609.22,0.0016414435,1368,632.34,0.0015814371,1318
TOTAL,31.61,0.0316373,62.37,0.016032288,13356,64.33,0.015544607,12949.66
