Site Name,Data MRI (yr),Data Annual Rate,Catalog MRI (yr),Catalog Annual Rate,Catalog Occurences,Prob Filtered Catalog MRI (yr),Prob Filtered Catalog Annual Rate,Prob Filtered Catalog Occurences
HOG,191.00,0.005235602,468.92,0.0021325771,310,473.61,0.0021114585,306.94
FRA,119.00,0.008403362,145100.81,0.0,0,∞,0.0,0
COA,181.00,0.005524862,170.14,0.005877389,853,176.37,0.0056698145,822.88
SCZ,106.00,0.009433962,322.34,0.0031023477,450,326.13,0.003066269,444.76
TYS,329.00,0.0030395137,528.94,0.0018905854,275,559.47,0.0017874023,260
TOTAL,31.61,0.0316373,76.83,0.013015671,1888,79.09,0.012643606,1834.05
