Site Name,Data MRI (yr),Data Annual Rate,Catalog MRI (yr),Catalog Annual Rate,Catalog Occurences,Prob Filtered Catalog MRI (yr),Prob Filtered Catalog Annual Rate,Prob Filtered Catalog Occurences
HOG,191.00,0.005235602,373.71,0.002675863,1086,377.87,0.0026464171,1074.04
FRA,119.00,0.008403362,123.83,0.008075327,3278,128.81,0.0077631166,3151.27
COA,181.00,0.005524862,183.50,0.0054496387,2211,196.27,0.005095079,2067.17
SCZ,106.00,0.009433962,123.80,0.008077739,3279,142.51,0.007017174,2848.49
TYS,329.00,0.0030395137,352.51,0.0028368202,1151,388.20,0.0025760108,1045.13
TOTAL,31.61,0.0316373,36.88,0.027116084,11005,39.84,0.025103066,10188.08
