Magnitude,Mean,Standard Deviation
10.0,1.2812675,0.93962
30.0,1.440049,0.47046795
