Site Name,Data MRI (yr),Data Annual Rate,Catalog MRI (yr),Catalog Annual Rate,Catalog Occurences,Prob Filtered Catalog MRI (yr),Prob Filtered Catalog Annual Rate,Prob Filtered Catalog Occurences
HOG,191.00,0.005235602,456.26,0.0021917322,595,461.16,0.0021684545,588.65
FRA,119.00,0.008403362,159.84,0.0062564057,1699,164.41,0.00608233,1651.73
COA,181.00,0.005524862,276.40,0.003617903,983,284.03,0.0035207984,956.63
SCZ,106.00,0.009433962,269.89,0.0037051786,1006,281.56,0.003551596,964.33
TYS,329.00,0.0030395137,637.82,0.0015678386,426,660.64,0.0015136815,411.29
TOTAL,31.61,0.0316373,57.67,0.0173396,4709,59.37,0.016843136,4574.2
