Site Name,Data MRI (yr),Data Annual Rate,Catalog MRI (yr),Catalog Annual Rate,Catalog Occurences,Prob Filtered Catalog MRI (yr),Prob Filtered Catalog Annual Rate,Prob Filtered Catalog Occurences
HOG,191.00,0.005235602,354.70,0.002819295,901,359.10,0.0027847113,889.95
FRA,119.00,0.008403362,116.49,0.008584775,2742,122.06,0.008192623,2616.77
COA,181.00,0.005524862,179.58,0.0055685914,1779,191.37,0.0052256095,1669.46
SCZ,106.00,0.009433962,119.65,0.008357437,2669,139.09,0.007189712,2295.9
TYS,329.00,0.0030395137,342.27,0.0029216462,933,378.51,0.0026419077,843.64
TOTAL,31.61,0.0316373,35.39,0.028254926,9024,38.41,0.026032552,8314.18
