Site Name,Data MRI (yr),Data Annual Rate,Catalog MRI (yr),Catalog Annual Rate,Catalog Occurences,Prob Filtered Catalog MRI (yr),Prob Filtered Catalog Annual Rate,Prob Filtered Catalog Occurences
HOG,191.00,0.005235602,362.22,0.002760723,1185,366.30,0.0027300168,1171.8
FRA,119.00,0.008403362,117.36,0.008520723,3657,122.98,0.008131078,3489.77
COA,181.00,0.005524862,177.90,0.005621096,2413,190.15,0.0052588712,2257.57
SCZ,106.00,0.009433962,121.30,0.008243762,3539,140.35,0.0071250997,3058.78
TYS,329.00,0.0030395137,345.27,0.0028963117,1244,384.14,0.0026032391,1118.16
TOTAL,31.61,0.0316373,35.66,0.028044647,12038,38.68,0.025852904,11097.27
