Min Mag,Mean,Standard Deviation,COV
6.0,0.99949384,0.8207493,0.8211649
6.5,0.9994009,0.684548,0.6849584
7.0,0.99917406,0.5706631,0.57113487
7.5,0.9981585,0.51799244,0.5189481
