Min Mag,Mean,Standard Deviation,COV
6.0,0.9993934,0.5392696,0.539597
6.5,0.999409,0.45270166,0.45296937
7.0,0.99924886,0.40186962,0.4021717
7.5,0.9971359,0.48759198,0.48899248
