Site Name,Data MRI (yr),Data Annual Rate,Catalog MRI (yr),Catalog Annual Rate,Catalog Occurences,Prob Filtered Catalog MRI (yr),Prob Filtered Catalog Annual Rate,Prob Filtered Catalog Occurences
HOG,191.00,0.005235602,361.44,0.0027667258,700,365.07,0.002739164,692.98
FRA,119.00,0.008403362,122.73,0.00814769,2062,127.54,0.007840482,1984.29
COA,181.00,0.005524862,181.68,0.005504252,1393,192.80,0.005186735,1312.67
SCZ,106.00,0.009433962,130.35,0.0076718978,1942,149.25,0.0067000496,1695.97
TYS,329.00,0.0030395137,364.71,0.0027418735,694,397.90,0.002513198,636.14
TOTAL,31.61,0.0316373,37.27,0.02683274,6790,40.00,0.025002101,6326.74
