Min Mag,Mean,Standard Deviation,COV
6.0,0.9895088,0.41885903,0.42329994
6.5,0.8128003,0.27481717,0.33811155
7.0,0.69151986,0.22636451,0.32734346
7.5,0.692406,0.23750268,0.34301075
