Site Name,Data MRI (yr),Data Annual Rate,Catalog MRI (yr),Catalog Annual Rate,Catalog Occurences,Prob Filtered Catalog MRI (yr),Prob Filtered Catalog Annual Rate,Prob Filtered Catalog Occurences
HOG,191.00,0.005235602,571.26,0.001750528,81,576.96,0.0017332331,80.2
FRA,119.00,0.008403362,172.93,0.0057828343,268,177.01,0.0056494,261.83
COA,181.00,0.005524862,206.90,0.00483315,223,219.84,0.0045487755,209.88
SCZ,106.00,0.009433962,175.08,0.005711632,265,190.65,0.005245152,243.38
TYS,329.00,0.0030395137,532.28,0.0018787023,87,549.10,0.0018211569,84.34
TOTAL,31.61,0.0316373,50.13,0.019949462,924,52.61,0.019008031,880.28
