Site Name,Data MRI (yr),Data Annual Rate,Catalog MRI (yr),Catalog Annual Rate,Catalog Occurences,Prob Filtered Catalog MRI (yr),Prob Filtered Catalog Annual Rate,Prob Filtered Catalog Occurences
HOG,191.00,0.005235602,494.39,0.002022686,111,499.13,0.0020034811,109.91
FRA,119.00,0.008403362,134.52,0.0074335975,406,159.61,0.0062651737,342.1
COA,181.00,0.005524862,209.56,0.004771978,260,226.09,0.004422938,240.96
SCZ,106.00,0.009433962,361.96,0.0027627118,151,370.98,0.002695571,147.33
TYS,329.00,0.0030395137,737.21,0.0013564606,74,752.11,0.0013295918,72.51
TOTAL,31.61,0.0316373,54.51,0.018345056,1001,59.80,0.016722454,912.25
