Site Name,Data MRI (yr),Data Annual Rate,Catalog MRI (yr),Catalog Annual Rate,Catalog Occurences,Prob Filtered Catalog MRI (yr),Prob Filtered Catalog Annual Rate,Prob Filtered Catalog Occurences
HOG,191.00,0.005235602,361.21,0.0027685058,1174,365.20,0.0027382032,1161.14
FRA,119.00,0.008403362,116.86,0.008557481,3628,122.31,0.008175925,3466.26
COA,181.00,0.005524862,175.57,0.005695597,2414,187.42,0.005335744,2261.52
SCZ,106.00,0.009433962,118.79,0.008417982,3568,138.01,0.0072457143,3071.04
TYS,329.00,0.0030395137,341.91,0.0029247284,1238,377.99,0.0026455938,1119.87
TOTAL,31.61,0.0316373,35.26,0.028357897,12021,38.23,0.02615869,11088.72
