Magnitude,Mean,Standard Deviation
10.0,2.4572775,1.0421181
30.0,1.866912,0.47751814
