Site Name,Data MRI (yr),Data Annual Rate,Catalog MRI (yr),Catalog Annual Rate,Catalog Occurences,Prob Filtered Catalog MRI (yr),Prob Filtered Catalog Annual Rate,Prob Filtered Catalog Occurences
HOG,191.00,0.005235602,342.08,0.0029232826,140,346.36,0.0028871761,138.25
FRA,119.00,0.008403362,118.14,0.008464503,405,123.27,0.008111992,388.08
COA,181.00,0.005524862,179.67,0.005565817,266,190.23,0.0052569257,251.26
SCZ,106.00,0.009433962,121.45,0.00823382,393,141.43,0.0070708776,337.46
TYS,329.00,0.0030395137,344.25,0.0029048994,139,380.59,0.002627471,125.68
TOTAL,31.61,0.0316373,35.60,0.028090699,1343,38.53,0.025954047,1240.84
