Min Mag,Mean,Standard Deviation,COV
6.0,0.9935916,0.8056663,0.81086266
6.5,0.9906346,0.69309235,0.6996448
7.0,0.9857722,0.5932899,0.60185295
7.5,0.98314804,0.5206805,0.5296054
