Min Mag,Mean,Standard Deviation,COV
6.0,0.99281216,0.5341686,0.5380359
6.5,0.9913494,0.46159947,0.46562743
7.0,0.98786473,0.4131493,0.41822457
7.5,0.98340607,0.42749417,0.43470767
