Site Name,Data MRI (yr),Data Annual Rate,Catalog MRI (yr),Catalog Annual Rate,Catalog Occurences,Prob Filtered Catalog MRI (yr),Prob Filtered Catalog Annual Rate,Prob Filtered Catalog Occurences
HOG,191.00,0.005235602,561.52,0.0017808672,36,568.34,0.0017595072,35.54
FRA,119.00,0.008403362,153.22,0.0065264697,130,156.82,0.0063767326,127.03
COA,181.00,0.005524862,217.11,0.004605872,92,236.07,0.0042360118,84.67
SCZ,106.00,0.009433962,95.45,0.010476805,210,128.27,0.0077960263,156.15
TYS,329.00,0.0030395137,411.16,0.0024321682,49,435.37,0.0022968757,46.25
TOTAL,31.61,0.0316373,38.69,0.02584827,517,44.36,0.022543691,450.83
