Site Name,Data MRI (yr),Data Annual Rate,Catalog MRI (yr),Catalog Annual Rate,Catalog Occurences,Prob Filtered Catalog MRI (yr),Prob Filtered Catalog Annual Rate,Prob Filtered Catalog Occurences
HOG,191.00,0.005235602,561.52,0.0017808672,36,566.55,0.0017650775,35.67
FRA,119.00,0.008403362,153.22,0.0065264697,130,157.60,0.0063453745,126.4
COA,181.00,0.005524862,217.11,0.004605872,92,235.65,0.0042435657,84.83
SCZ,106.00,0.009433962,95.45,0.010476805,210,127.91,0.0078177685,156.64
TYS,329.00,0.0030395137,411.16,0.0024321682,49,436.73,0.0022897464,46.13
TOTAL,31.61,0.0316373,38.69,0.02584827,517,44.22,0.022612764,452.21
