Min Mag,Mean,Standard Deviation,COV
6.0,0.9949295,0.41364792,0.415756
6.5,0.7703533,0.2875726,0.37329963
7.0,0.6690447,0.2442396,0.36505726
7.5,0.6749031,0.21683203,0.32127875
