Site Name,Data MRI (yr),Data Annual Rate,Catalog MRI (yr),Catalog Annual Rate,Catalog Occurences,Prob Filtered Catalog MRI (yr),Prob Filtered Catalog Annual Rate,Prob Filtered Catalog Occurences
HOG,191.00,0.005235602,398.37,0.002510237,270,406.23,0.0024616595,264.76
FRA,119.00,0.008403362,107713.20,0.0,0,∞,0.0,0
COA,181.00,0.005524862,251.13,0.0039820177,428,255.16,0.0039191255,421.2
SCZ,106.00,0.009433962,179.61,0.005567726,600,190.60,0.005246645,565.39
TYS,329.00,0.0030395137,116.15,0.008609306,928,183.78,0.00544115,586.29
TOTAL,31.61,0.0316373,48.39,0.02066419,2226,58.71,0.017032154,1834.35
