Min Mag,Mean,Standard Deviation,COV
6.0,0.95944715,0.5182816,0.5401878
6.5,0.7250638,0.30012453,0.41392845
7.0,0.63909286,0.23830295,0.37287685
7.5,0.47873068,0.19460338,0.4064987
