Site Name,Data MRI (yr),Data Annual Rate,Catalog MRI (yr),Catalog Annual Rate,Catalog Occurences,Prob Filtered Catalog MRI (yr),Prob Filtered Catalog Annual Rate,Prob Filtered Catalog Occurences
HOG,191.00,0.005235602,501.71,0.00199318,108,507.26,0.001971386,106.82
FRA,119.00,0.008403362,219.33,0.0045592496,246,223.20,0.0044803605,241.72
COA,181.00,0.005524862,330.56,0.0030251516,164,335.96,0.0029765142,161.37
SCZ,106.00,0.009433962,306.72,0.0032603382,176,323.23,0.0030938115,167.05
TYS,329.00,0.0030395137,785.44,0.001273175,68,824.12,0.0012134195,64.81
TOTAL,31.61,0.0316373,71.06,0.014073066,761,72.99,0.01370091,740.83
