Site Name,Data MRI (yr),Data Annual Rate,Catalog MRI (yr),Catalog Annual Rate,Catalog Occurences,Prob Filtered Catalog MRI (yr),Prob Filtered Catalog Annual Rate,Prob Filtered Catalog Occurences
HOG,191.00,0.005235602,497.40,0.0020104737,612,503.03,0.001987967,605.16
FRA,119.00,0.008403362,169.24,0.005908834,1799,173.10,0.0057769762,1758.83
COA,181.00,0.005524862,303.84,0.003291254,1002,310.67,0.0032188196,979.95
SCZ,106.00,0.009433962,303.81,0.0032915762,1002,314.04,0.003184345,969.39
TYS,329.00,0.0030395137,700.54,0.001427477,434,719.90,0.001389083,422.34
TOTAL,31.61,0.0316373,62.79,0.015926996,4849,64.30,0.015552895,4734.97
