Site Name,Data MRI (yr),Data Annual Rate,Catalog MRI (yr),Catalog Annual Rate,Catalog Occurences,Prob Filtered Catalog MRI (yr),Prob Filtered Catalog Annual Rate,Prob Filtered Catalog Occurences
HOG,191.00,0.005235602,301.47,0.0033170902,389,308.67,0.0032396535,379.93
FRA,119.00,0.008403362,123.29,0.008110951,953,128.84,0.007761419,911.94
COA,181.00,0.005524862,185.71,0.0053847106,632,195.70,0.005109872,599.76
SCZ,106.00,0.009433962,204.57,0.0048883935,574,216.45,0.0046201064,542.49
TYS,329.00,0.0030395137,441.88,0.002263074,265,473.44,0.0021122105,247.24
TOTAL,31.61,0.0316373,41.74,0.023955243,2813,43.79,0.022837901,2681.79
