Site Name,Data MRI (yr),Data Annual Rate,Catalog MRI (yr),Catalog Annual Rate,Catalog Occurences,Prob Filtered Catalog MRI (yr),Prob Filtered Catalog Annual Rate,Prob Filtered Catalog Occurences
HOG,191.00,0.005235602,414.44,0.002412891,1230,418.91,0.0023871523,1216.86
FRA,119.00,0.008403362,135.66,0.007371224,3757,140.46,0.00711925,3628.53
COA,181.00,0.005524862,204.65,0.0048863254,2490,216.30,0.0046231593,2355.92
SCZ,106.00,0.009433962,138.79,0.0072051827,3672,155.54,0.006429171,3276.41
TYS,329.00,0.0030395137,392.92,0.002545074,1297,426.13,0.0023467003,1195.92
TOTAL,31.61,0.0316373,40.95,0.024419049,12445,43.67,0.022897173,11669.38
