Site Name,Data MRI (yr),Data Annual Rate,Catalog MRI (yr),Catalog Annual Rate,Catalog Occurences,Prob Filtered Catalog MRI (yr),Prob Filtered Catalog Annual Rate,Prob Filtered Catalog Occurences
HOG,191.00,0.005235602,693.45,0.0014420637,47,698.78,0.0014310724,46.62
FRA,119.00,0.008403362,231.94,0.0043115243,141,236.83,0.0042223637,138.08
COA,181.00,0.005524862,265.90,0.0037607613,122,275.21,0.0036335278,117.82
SCZ,106.00,0.009433962,325.14,0.0030756157,100,334.06,0.0029934437,97.3
TYS,329.00,0.0030395137,853.07,0.0011722393,38,876.61,0.0011407554,36.97
TOTAL,31.61,0.0316373,72.64,0.013766081,448,74.66,0.013394367,435.93
