Site Name,Data MRI (yr),Data Annual Rate,Catalog MRI (yr),Catalog Annual Rate,Catalog Occurences,Prob Filtered Catalog MRI (yr),Prob Filtered Catalog Annual Rate,Prob Filtered Catalog Occurences
HOG,191.00,0.005235602,368.44,0.0027141636,1128,372.49,0.0026846163,1115.68
FRA,119.00,0.008403362,120.43,0.008303836,3452,125.67,0.007957136,3307.88
COA,181.00,0.005524862,182.95,0.005465893,2271,195.04,0.0051272134,2130.33
SCZ,106.00,0.009433962,123.65,0.008087594,3362,142.41,0.0070220013,2918.71
TYS,329.00,0.0030395137,349.73,0.0028593855,1188,386.02,0.0025905594,1076.36
TOTAL,31.61,0.0316373,36.46,0.027428856,11401,39.40,0.025379114,10548.98
