Site Name,Data MRI (yr),Data Annual Rate,Catalog MRI (yr),Catalog Annual Rate,Catalog Occurences,Prob Filtered Catalog MRI (yr),Prob Filtered Catalog Annual Rate,Prob Filtered Catalog Occurences
HOG,191.00,0.005235602,352.97,0.0028330667,58,356.66,0.0028037545,57.4
FRA,119.00,0.008403362,121.77,0.008211904,167,126.66,0.007895141,160.52
COA,181.00,0.005524862,179.67,0.0055657476,113,189.61,0.0052738986,107.04
SCZ,106.00,0.009433962,128.40,0.0077881217,157,146.87,0.0068088435,137.31
TYS,329.00,0.0030395137,377.56,0.0026485587,54,407.61,0.0024533272,50
TOTAL,31.61,0.0316373,36.89,0.02710918,549,39.55,0.025287587,512.17
