Site Name,Data MRI (yr),Data Annual Rate,Catalog MRI (yr),Catalog Annual Rate,Catalog Occurences,Prob Filtered Catalog MRI (yr),Prob Filtered Catalog Annual Rate,Prob Filtered Catalog Occurences
HOG,191.00,0.005235602,356.35,0.002806199,1212,360.77,0.002771835,1197.16
FRA,119.00,0.008403362,116.97,0.008549414,3693,122.69,0.008150598,3520.69
COA,181.00,0.005524862,177.92,0.005620648,2428,190.30,0.005254933,2270.02
SCZ,106.00,0.009433962,121.83,0.008208198,3544,140.86,0.0070991023,3065.09
TYS,329.00,0.0030395137,346.44,0.002886484,1246,383.38,0.002608399,1125.9
TOTAL,31.61,0.0316373,35.62,0.02807042,12123,38.63,0.025889462,11181.09
